{
  "svm": {
    "C": 1.0,
    "class_weight": {
      "0": 2.0,
      "1": 1.0
    },
    "kernel": "linear",
    "cv_best_f1_w": 0.984250089690622
  },
  "lr": {
    "C": 1.0,
    "class_weight": {
      "0": 2.0,
      "1": 1.0
    },
    "cv_best_f1_w": 0.9689888477165512
  }
}